base_market,quote_market,p_value,hedge_ratio,half_life,zero_crossing
COMP-USD,UNI-USD,0.006245824515608813,7.011219749341138,11.0,19
UMA-USD,CRV-USD,0.007769767827290489,2.3468283884938357,8.0,18
